{"cameraMode":{"drawMode":0,"name":"Shaded","section":"Shading Mode"},"sceneLighting":true,"audioPlay":false,"sceneViewState":{"showFog":true,"showMaterialUpdate":false,"showSkybox":true,"showFlares":true,"showImageEffects":true,"showParticleSystems":true},"in2DMode":false,"pivot":{"x":-0.6582137942314148,"y":0.9616405367851257,"z":-1.1086903810501099},"rotation":{"x":0.058466918766498569,"y":0.7466696500778198,"z":-0.06619810312986374,"w":0.6593585014343262},"size":20.2886905670166,"orthographic":false}